split,gloss,clip_id,n_frames
train,ME,2576140497310784-ME,13
val,FAMILY,7397889710801269-FAMILY,28
train,GOOD,27179636245697747-GOOD,46
test,HOME,15614531692180766-HOME,42
train,SIX,8447796557717244-SIX,48
test,WATER,41194332281860335-WATER,16
test,SEVEN,2573968835438749-SEVEN,16
train,NO,7973429116215278-NO,30
test,GREEN,8312459625722002-GREEN,35
train,YELLOW,29077777219840395-YELLOW,17
test,WHAT,7084601978683813-WHAT 2,24
train,BROTHER,8528083792258134-BROTHER,27
train,WHITE,8787854231298282-WHITE,25
test,LOVE,8416155976192394-LOVE,28
test,SORRY,7965960158855614-SORRY,14
train,FAMILY,4628193900204982-FAMILY,28
test,BROTHER,27515506457252026-BROTHER,19
test,FOUR,21216630436083284-FOUR,14
train,NAME,45143019985078214-NAME,20
val,ME,5724078705072562-ME,37
train,BLACK,31045839782231943-BLACK,32
test,BLUE,2072166480164903-BLUE,15
val,GOOD,8618976665727696-GOOD,22
train,FOUR,8083395285550947-FOUR,26
train,BLACK,040703853460511974-BLACK,27
test,ME,31080382328753453-ME,19
train,FAMILY,845411153644452-FAMILY,26
train,HELP,3557945550706938-HELP,22
train,FATHER,8360801452399957-FATHER,17
train,HAPPY,7183808471728259-HAPPY,26
train,GOODBYE,5974251648548923-BYE,20
train,LEARN,6919715917732598-LEARN,23
test,GOOD,22413626372355933-GOOD,32
train,EIGHT,18721973015995563-EIGHT,28
train,BIG,08906569344299342-seedBIG,49
test,YES,9605571410103191-YES,60
test,EIGHT,40848030294744664-EIGHT,60
test,WHAT,6451705780589494-WHAT 2,24
train,BIG,30572430340937906-BIG,17
test,LIKE,06793339114876251-LIKE,15
train,LEARN,02289895371863082-LEARN,29
train,HOT,13316006185127205-HOT,21
train,SISTER,5049858314243783-SISTER,44
test,WATER,28568822555970064-WATER,22
test,SIX,5614362564622106-SIX,13
train,TIRED,5389522809985581-TIRED,20
test,WHY,30163868001403205-WHY,35
test,WHY,1861131167759893-WHY,28
test,NAME,3644933452013184-NAME,35
val,BROTHER,43876125183584724-BROTHER,20
train,KNOW,1431969749910329-KNOW,28
train,FATHER,47857573015695154-FATHER,19
test,SLEEP,08177526594355822-SLEEP,14
val,STOP,49400025068696496-STOP,38
train,LEARN,8356772257248806-LEARN,29
test,WHY,015395985479345287-WHY,13
train,SCHOOL,2814564048387007-SCHOOL,52
train,TIRED,475127353077462-seedTIRED,60
train,PLEASE,5305284657006966-PLEASE,23
train,LOVE,4194471454302029-LOVE,40
test,HELP,5726113697968809-HELP,21
train,SMALL,12263814955166064-SMALL,17
train,TIRED,1542018459581047-TIRED,25
test,LIKE,8940965995167087-LIKE,39
test,WHITE,39073540410206586-WHITE,17
train,ME,6411588958209695-ME,15
test,SEE,7933932035972608-SEE,29
test,SEVEN,5318939200518071-SEVEN,30
test,PLEASE,5042323343464843-PLEASE,22
val,LIKE,16373316542801275-LIKE,40
train,HOT,8421220383934189-HOT,18
val,YES,8977694836593926-YES,22
train,HOW,1334132333742275-HOW,26
test,SISTER,29013316286737467-SISTER,15
train,HELLO,7613696736100914-HELLO,26
train,LOVE,3826611907286055-LOVE,26
val,GOODBYE,9710569622157019-BYE,43
train,SORRY,6284344362350516-SORRY,21
val,WHO,6506737411983545-WHO,15
test,BIG,6066190917613212-BIG,30
test,GREEN,5276371337374621-GREEN,20
train,SIX,12834201117290944-SIX,20
train,YOU,677386009297865-YOU,24
test,STOP,975560309489212-STOP,17
test,COME,21374230308157083-COME,30
train,SORRY,5865603235099206-SORRY,18
train,LIKE,8273164081850686-LIKE,23
train,SEE,24962171644696074-SEE,17
test,WHO,6339230507709075-WHO,30
train,BAD,26378912740269156-BAD,13
train,SEVEN,7774056382122789-SEVEN,53
test,BAD,1583686602856138-BAD,27
train,ORANGE,6483924913080525-seedORANGE,61
test,YELLOW,9387228528841061-YELLOW,18
test,LEARN,2940604270213145-LEARN,23
train,COLD,17656377523560773-COLD,20
test,BIG,8329466041910012-BIG,20
train,THANK YOU,6912280773625425-THANK YOU,21
train,STOP,7606933944529259-STOP,24
test,SEE,2322814887877973-SEE,16
test,YOU,9902995590504236-YOU,11
val,FATHER,9035254231738448-FATHER,18
train,HELLO,8841964348021558-HELLO,46
train,WHY,20564555475489255-WHY,18
test,LOVE,0430014058082695-LOVE,18
train,NAME,7680995774148371-NAME,23
val,GO,6721385997956766-GO,16
train,MOTHER,4465911028936387-MOTHER,23
val,GREEN,9695299725983888-GREEN,18
test,WHERE,9957868929062672-WHERE,31
val,MOTHER,2401781217873089-MOTHER,33
test,SLEEP,2281067908916985-SLEEP,24
test,YOU,4091388061019394-YOU,26
train,FATHER,01723835388117645-seedFATHER,43
val,NINE,7868445027066324-NINE,16
train,WATER,03892908647294191-WATER,19
test,THREE,2119034306255807-THREE,16
train,COME,27472288337812434-COME,21
val,SEVEN,35975737443447775-SEVEN,15
test,COLD,35901832143458634-COLD,37
test,UNDERSTAND,9663239092789866-UNDERSTAND,26
test,SMALL,9399480572843995-SMALL,35
train,NINE,11653220295321187-NINE,26
train,WHAT,18362037497753203-WHAT 2,30
train,THREE,26520120613127607-seedTHREE,48
val,LEARN,35455702192899774-LEARN,22
test,STOP,6864058804402533-STOP,23
train,BLUE,19115013411709159-BLUE,17
val,HELP,8534077485600235-HELP,30
train,GOOD,8259197203871462-GOOD,18
test,MOTHER,4194600384314444-MOTHER,17
test,YELLOW,17987062708093315-YELLOW,39
train,WHAT,600407709572452-WHAT 2,55
train,SCHOOL,5088472744264194-SCHOOL,29
train,HAPPY,05300176493024167-HAPPY,17
test,NO,2732741727030885-NO,15
test,ORANGE,334847449146251-ORANGE,32
test,BLACK,8816224302083786-BLACK,15
test,HAPPY,9606353592578751-HAPPY,30
train,TWO,31861245782766745-TWO,17
val,YOU,6229294436435182-YOU,19
test,LEARN,051881466201948445-LEARN,25
test,GOODBYE,31198466578073125-BYE,28
test,STOP,21416838482074008-STOP,19
train,LOVE,8108861250431312-seedLOVE,41
val,YELLOW,5699293489634374-YELLOW,31
train,BIG,9354080358924928-BIG,16
train,WATER,7449721965435019-WATER,22
test,EIGHT,8010326230741247-EIGHT,23
val,ONE,5843445915901924-ONE,21
train,WHAT,23051551564122996-WHAT 2,17
train,HOW,021939327153324584-HOW,30
val,SCHOOL,7861062216231951-SCHOOL,27
train,HELP,4206186890939383-HELP,22
train,WANT,08859845078833506-WANT 2,24
test,FAMILY,8060450596200075-FAMILY,23
train,COLD,11466999035726255-COLD,23
test,HELLO,7472491282176557-HELLO,43
test,WANT,27618561187311874-WANT 2,36
test,FOUR,2294038067755373-FOUR,23
test,FAMILY,06358416185616833-FAMILY,30
train,YOU,6298308396800849-YOU,15
val,BLUE,01553665764183787-BLUE,20
train,WHO,17383536861491344-WHO,28
test,SORRY,010369524824967558-SORRY,14
train,HOW,3119997663932217-HOW,23
train,MOTHER,3624106996012926-MOTHER,26
train,THANK YOU,3790733585897841-seedTHANK YOU,54
train,HELP,5574926687456125-HELP,26
train,WHAT,8907945228853642-WHAT 2,38
train,GOODBYE,9682333715513665-BYE,16
test,GREEN,7335136138160512-GREEN,14
test,COME,7399984921358038-COME,24
test,GOODBYE,2223181186410932-BYE,25
test,PURPLE,2955945036648915-PURPLE,35
train,STOP,6529230226346452-STOP,19
train,THREE,5617294863115725-THREE,27
val,NO,8079226457278508-NO,23
test,WHAT,404671863993352-WHAT 2,10
test,BOOK,29872450360285696-BOOK,12
val,SLEEP,4876077931735432-SLEEP,21
train,MOTHER,5016352016219428-MOTHER,18
test,HOW,5979307187574394-HOW,24
test,WATER,7006268761752481-WATER,35
train,THREE,39076926116400745-THREE,17
test,ME,8941049731507169-ME,17
test,FOUR,5278240556504277-FOUR,9
train,FOUR,4020047924491805-FOUR,23
train,BABY,9276367687372418-BABY,29
train,WHY,28913897920899023-WHY,42
test,BAD,3763434553768781-BAD,25
train,WHERE,7750734997528588-WHERE,20
train,COLD,5765213045805393-COLD,40
train,SMALL,4730005203157246-seedSMALL,38
train,BAD,2507302256262631-BAD,16
train,COLD,40997457816037786-COLD,19
test,WHERE,37275461912744046-WHERE,37
val,SEVEN,3805414515815826-SEVEN,24
test,STOP,10938335699122836-STOP,10
train,GOODBYE,4567979691425712-seedBYE,33
val,BABY,6630832264683122-BABY,23
train,COLD,39992598966476045-COLD,17
train,SIX,2943130704557879-SIX,20
train,COME,5245211280359048-COME,20
test,GO,19195912453679753-GO,18
train,GO,7813105619399183-GO,52
test,WATER,6604106363350253-WATER,19
test,GO,6413893522655711-GO,30
train,NINE,34339348264869574-NINE,19
test,PURPLE,29355912356884195-PURPLE,43
train,HELP,09953879192572268-seedHELP,52
train,YES,1555998439795525-YES,27
train,WANT,7637262020700946-WANT 2,25
train,PURPLE,08586249572766924-PURPLE,16
test,FATHER,45250815650161336-FATHER,27
train,YOU,7924736335453846-YOU,37
test,HELP,9165653074606479-HELP,34
val,HOW,971003020665846-HOW,24
train,HAPPY,546204032322096-HAPPY,28
test,WANT,6718261856672789-WANT 2,13
test,EAT,7291224290785421-EAT,27
train,DRINK,21577690984159714-DRINK,40
train,GOODBYE,048776623388550044-BYE,17
train,BAD,008134541577476506-BAD,23
test,NAME,721473614329061-NAME,22
test,HOW,6119825081396184-HOW,29
train,LOVE,3516860036460976-LOVE,28
train,BABY,5281107839633257-BABY,63
train,ONE,1257229740442749-ONE,22
test,HOT,23737096674333502-HOT,29
test,TWO,21792036590152164-TWO,27
train,WHERE,6999394901611251-WHERE,19
train,WHAT,0628291186114378-WHAT 2,18
test,ONE,7589052265859373-ONE,33
test,PURPLE,5990791080325455-PURPLE,22
test,NO,3247833356457248-NO,14
test,EAT,7640667133656183-EAT,13
test,RED,8102554441260599-RED,33
train,WHAT,8017117058905951-WHAT 2,16
test,SCHOOL,8188942667223229-SCHOOL,21
test,PLEASE,11854818371036102-PLEASE,33
train,BOOK,5250420040806927-BOOK,15
train,FAMILY,1654484908904772-FAMILY,18
train,YOU,3273120364218567-YOU,14
train,LEARN,7373699847035962-LEARN,18
train,SORRY,7662883760067802-SORRY,48
train,WANT,5148839477289167-WANT 2,16
test,HELP,5043430847938863-HELP,32
test,LIKE,618705132779968-LIKE,15
train,HELLO,6448349493816601-HELLO,15
train,MOTHER,9303557889829679-MOTHER,17
test,NAME,38747687874121217-NAME,35
train,HAPPY,9858325161708861-HAPPY,25
train,RED,49645746418775105-RED,24
train,GOOD,7988103105967095-GOOD,21
test,FATHER,5897060584047606-FATHER,15
test,LEARN,90115254687291-LEARN,42
test,FOUR,5141622294161379-FOUR,10
train,TIRED,30872695257963656-TIRED,22
test,WHO,6257839200605431-WHO,16
train,ORANGE,8143628970911239-ORANGE,32
train,NO,9616432008129339-NO,25
train,TIRED,6064203764964768-TIRED,38
train,LOVE,544773713165329-LOVE,24
test,BLUE,7176509553520993-BLUE,22
train,THANK YOU,6508465822424006-THANK YOU,26
test,RED,4639625914111425-RED,29
train,COME,7764581525163443-COME,14
test,WATER,6252432727581858-WATER,14
test,NAME,2650581877009257-NAME,31
train,BLUE,23410020805724652-BLUE,18
train,WHO,22349971035391758-WHO,16
test,BABY,38530661884304074-BABY,37
train,WHAT,011439809438488657-WHAT 2,27
val,BABY,38156047806779547-BABY,28
val,ME,34076966817997323-ME,24
test,WANT,4592926945829485-WANT 2,20
val,WHAT,9106828060005678-WHAT 2,18
train,SMALL,17606509610897247-SMALL,43
test,SCHOOL,4173145279866881-SCHOOL,26
train,FAMILY,801580215278554-FAMILY,32
train,SEVEN,5313155829321003-SEVEN,27
val,LEARN,9349267580836926-LEARN,52
train,TWO,7391350877622198-TWO,13
test,COLD,7255958576286803-COLD,21
test,UNDERSTAND,2374155228317818-UNDERSTAND,17
test,SCHOOL,7827802094256076-SCHOOL,23
test,YES,05574938180658928-YES,11
test,LIKE,9359906689689883-LIKE,12
test,BIG,0016996799439721322-BIG,24
train,SMALL,43505759423144474-SMALL,25
test,WANT,8801114874556712-WANT 2,16
test,NINE,3222160502487865-NINE,20
train,SIX,30387105972416184-SIX,19
test,HOME,0462475122803383-HOME,28
train,SEE,682277049268821-SEE,20
train,NINE,703306221318301-NINE,27
val,BLUE,43141331649516945-BLUE,37
test,WHERE,03717365663139738-WHERE,20
test,HOME,12817656792505772-HOME,14
train,EAT,8083635818179542-EAT,26
test,UNDERSTAND,6605969835390502-UNDERSTAND,17
test,WANT,48432220527537195-WANT 2,13
test,BABY,9322322450348093-BABY,66
test,GO,2791819246477536-GO,25
test,NO,5328649685588343-NO,31
test,HOME,2819168857196481-HOME,24
train,SISTER,2672044999092307-SISTER,23
train,THANK YOU,6528064521146906-THANK YOU,25
test,PURPLE,35096514944316914-PURPLE,20
train,SIX,3952712513292911-SIX,34
train,FAMILY,1638014502482117-FAMILY,35
test,PURPLE,06557085999473089-PURPLE,29
test,HOW,25388875174562653-HOW,20
train,SIX,6358240776836663-SIX,20
val,SLEEP,8541893071831477-SLEEP,18
test,HOT,7372312746506302-HOT,41
train,TWO,4014306365480844-TWO,32
test,WHY,09164331443344143-WHY,28
train,NO,2140134632834978-NO,25
val,WHERE,7404223141679687-WHERE,20
val,PURPLE,5750125405910644-PURPLE,17
train,BABY,8611009401896237-BABY,45
test,WHITE,5112353440646757-WHITE,44
test,PURPLE,9549231546764492-PURPLE,31
train,EIGHT,40702086170853957-EIGHT,25
val,SISTER,03902304347683705-SISTER,27
train,YES,709429051156695-YES,31
test,KNOW,3814009077656757-KNOW,32
val,WHO,24758144482774802-WHO,17
test,NAME,5222576863044399-NAME,30
train,SORRY,675487631009581-SORRY,32
test,SISTER,6286166587594828-SISTER,17
train,THANK YOU,39425766670939555-THANK YOU,51
train,SMALL,7773877074443272-SMALL,22
train,YES,16728596536749274-YES,25
test,SISTER,3529011716605366-SISTER,22
test,SMALL,9100330154615108-SMALL,22
test,BLUE,39604229878593755-BLUE,14
test,GOOD,7699430066397663-GOOD,17
train,THANK YOU,8487114823108493-THANK YOU,35
train,ORANGE,1573156729800702-ORANGE,26
test,TWO,24180821046509338-TWO,24
test,THANK YOU,6936836055005255-THANK YOU,25
val,BAD,25163871214803346-BAD,34
test,TWO,08670031963237901-TWO,20
train,GO,10496700688928162-GO,26
train,FATHER,8528744514122979-FATHER,29
train,HOW,4657020083869885-HOW,14
test,HAPPY,5442330055496771-HAPPY,33
train,COME,826349513489413-COME,20
train,BOOK,4865367417269335-BOOK,20
train,BLACK,6431006989333747-seedBLACK,41
test,SEE,9908740266244704-SEE,16
test,LIKE,14992936899376108-LIKE,32
test,STOP,692674622436245-STOP,30
train,BABY,3583387896315031-BABY,43
train,BLUE,10150663285351214-BLUE,25
train,HOT,241335509121118-HOT,27
test,TWO,8059203050407333-TWO,21
train,GREEN,7390455024509361-GREEN,21
train,GOOD,5586839450092025-GOOD,25
test,UNDERSTAND,27832701315476815-UNDERSTAND,15
train,BLACK,8608492596931572-BLACK,29
test,BLACK,03843442884875414-BLACK,46
test,PURPLE,7684376478509318-PURPLE,15
test,LEARN,8354334844320983-LEARN,23
train,HAPPY,9607097492455248-HAPPY,35
train,WHITE,9742348554293634-WHITE,20
val,SORRY,6387762756061144-SORRY,45
train,ORANGE,023588612291894906-ORANGE,27
test,COLD,39972345824182876-COLD,24
train,FOUR,7964322222241194-FOUR,19
test,WHAT,9155674205578053-WHAT 2,22
test,BLUE,9697067996657991-BLUE,24
val,BIG,06196342319478165-BIG,38
train,SEVEN,7785445025832627-SEVEN,20
test,YELLOW,8471836538815907-YELLOW,31
val,NINE,4396925655719641-NINE,39
train,LEARN,6433677117622094-LEARN,32
test,TWO,4944603204831548-TWO,29
test,NINE,4600763876177605-NINE,17
train,BLACK,2943001197646342-BLACK,21
train,HOW,8835516863640922-seedHOW,41
train,SMALL,5278443932118966-SMALL,28
train,FOUR,9121749563331172-FOUR,17
train,UNDERSTAND,9807956157005397-seedUNDERSTAND,40
train,MOTHER,3594639642396176-MOTHER,26
train,SLEEP,2117342026115856-SLEEP,31
test,SEE,10523671017836955-SEE,15
train,WHERE,5985508360496106-WHERE,14
train,EIGHT,024763583004066003-EIGHT,32
train,FATHER,3512784023936262-FATHER,19
test,GO,032373382598848366-GO,29
test,EAT,5035301373430681-EAT,12
val,EAT,009883456113471967-EAT,52
test,SEE,8224527695408073-SEE,11
train,SEVEN,6651272031979116-SEVEN,32
train,EAT,3878260902223658-EAT,17
train,BLACK,6404625490323916-BLACK,21
test,BLACK,13786429847818238-BLACK,24
train,WHITE,4741310832000436-WHITE,16
train,BLACK,8169915567311767-BLACK,15
val,DRINK,7313509467149351-DRINK,38
val,YOU,298155207775465-YOU,20
train,PURPLE,018205117440444507-PURPLE,47
val,NAME,5439490417710435-NAME,19
train,NO,09714329486323847-NO,14
train,WHERE,9824526442836845-WHERE,20
train,WATER,057571220614212715-WATER,23
test,HELP,3347819641252294-HELP,49
train,WHO,9311041997261886-WHO,28
test,WATER,4408911106822304-WATER,32
train,EIGHT,4213219451197576-EIGHT,30
test,LEARN,9964669701367461-LEARN,20
test,SORRY,5199425437483545-SORRY,18
train,SLEEP,82979631907834-SLEEP,17
train,BLUE,17600039010468804-BLUE,54
train,NINE,0484770172692337-NINE,16
test,HELP,531487732428322-HELP,40
test,BAD,4720037702546913-BAD,19
train,EAT,4589443576656864-EAT,14
val,COLD,01776429634261567-COLD,19
test,NINE,819028006626159-NINE,11
train,SEE,9386805628062223-SEE,21
train,BLUE,5813887746500852-BLUE,19
test,LOVE,499380155781485-LOVE,30
train,GO,7819362494402429-GO,25
test,PLEASE,6936039479099299-PLEASE,46
train,SMALL,5364358287706597-SMALL,19
train,EAT,3407129339550383-EAT,21
train,MOTHER,7542254268771809-MOTHER,19
train,HAPPY,6249242465723734-HAPPY,17
train,WHITE,6448236951011861-WHITE,24
train,UNDERSTAND,030959011181703078-UNDERSTAND,17
train,BLACK,9854016879981524-BLACK,27
train,GO,5363852654946244-GO,28
test,WHY,9178007741963472-WHY,25
train,COLD,8543628437567765-COLD,63
train,FATHER,6080643843120164-FATHER,17
train,RED,5093165671360214-RED,20
val,LEARN,6755549258971778-LEARN,24
train,YELLOW,001531801362371743-YELLOW,81
val,BLACK,15531684870350038-BLACK,47
test,WHAT,30590478365410667-WHAT 2,19
val,SEE,680337953755801-SEE,17
train,SISTER,37634487188318655-SISTER,28
test,UNDERSTAND,941475953685674-UNDERSTAND,39
test,ORANGE,7759487393928293-ORANGE,25
val,HELLO,16493550450776628-HELLO,41
test,GREEN,8521113894614278-GREEN,13
test,TWO,47940759774229513-TWO,21
train,LIKE,48852938778695965-LIKE,24
train,NINE,26718272677630317-NINE,15
train,THREE,9883948960288635-THREE,24
test,UNDERSTAND,5169212541197368-UNDERSTAND,30
test,HAPPY,9350853025929522-HAPPY,52
test,EAT,25398273569443774-EAT,33
train,EIGHT,9818647737725137-EIGHT,23
train,DRINK,3150362992415996-DRINK,28
train,NINE,5697649035143537-NINE,15
test,NINE,20489516363250782-NINE,11
train,SLEEP,10667360637258794-SLEEP,63
test,SIX,2743611961352015-SIX,52
train,BABY,3341080986338991-BABY,24
train,KNOW,7801346725394491-KNOW,21
train,RED,867677340747856-RED,22
train,MOTHER,6976573288663246-MOTHER,25
train,SLEEP,7971194940709927-SLEEP,30
train,KNOW,6724485649936158-KNOW,20
test,TWO,7069232354445314-TWO,23
test,WHERE,12174913678763644-WHERE,30
train,WHERE,32552115561898876-WHERE,43
test,PLEASE,8166852609962443-PLEASE,35
test,TWO,9132052531915253-TWO,16
train,NAME,9125300798453833-NAME,17
test,FOUR,18563266850591176-FOUR,12
test,RED,20696771943044578-RED,32
train,WHERE,7968041209479837-WHERE,53
train,COLD,6113894949381462-seedCOLD,53
test,GOODBYE,36995928249155363-BYE,24
test,DRINK,6657698379837473-DRINK,34
train,FATHER,9265869776877644-FATHER,25
train,GO,9981647509356435-GO,16
train,HOME,9565332233790493-HOME,18
train,BROTHER,4460836108274411-BROTHER,26
test,STOP,680707762189654-STOP,27
train,GOODBYE,4327026387490418-BYE,37
test,UNDERSTAND,6508787541133374-UNDERSTAND,31
test,DRINK,1184248496668674-DRINK,15
train,ONE,1411641008641411-ONE,16
test,ORANGE,8163586623564663-ORANGE,19
train,ME,6366246076484883-ME,28
val,TWO,7193306966325836-TWO,17
train,LEARN,003104967374903289-LEARN,21
test,SIX,35543549766403615-SIX,30
train,BLUE,48674136385633116-BLUE,15
train,RED,6437492429835092-RED,27
train,UNDERSTAND,0497069696398067-UNDERSTAND,26
train,TIRED,8186237678554815-TIRED,24
train,GOOD,9521412407799632-GOOD,18
test,WHY,2952311704357522-WHY,30
test,GOOD,1636907769941489-GOOD,22
train,WHERE,5589002661440625-WHERE,39
test,NAME,418905208580302-NAME,32
test,COME,5358275641298946-COME,15
train,ME,22192344699736766-ME,13
val,PLEASE,42961246858695024-PLEASE,23
test,BAD,24751730661041682-BAD,24
test,NINE,07270539352192218-NINE,12
test,THREE,5134737021726334-THREE,12
test,GOODBYE,6225526845167895-BYE,37
train,ONE,10818908631731938-ONE,29
test,SISTER,43850343684093573-SISTER,36
train,GOODBYE,8852825102646966-BYE,31
train,COLD,8701465924878977-COLD,32
test,TIRED,5512637778281371-TIRED,12
val,TWO,6958576650414083-TWO,19
train,FOUR,43379976436209144-FOUR,18
val,MOTHER,7266802248917938-MOTHER,15
test,NAME,7157719195212653-NAME,37
test,UNDERSTAND,6191415507296982-UNDERSTAND,12
val,THREE,6999726398588908-THREE,24
train,SISTER,8364889976962788-SISTER,30
train,STOP,6679488064816475-STOP,20
val,YOU,35038040842137197-YOU,40
test,WHY,32965084799922706-WHY,30
test,YES,9782863224987515-YES,14
train,NINE,5346981862739508-seedNINE,34
val,HOT,18049350165719025-HOT,24
test,BOOK,6950933859203254-BOOK,19
test,COLD,8267310129123884-COLD,34
test,SIX,66952819961142-SIX,33
test,HOME,19580126719501179-HOME,32
test,FAMILY,8931379850242065-FAMILY,19
train,MOTHER,5651079602343521-seedMOTHER,55
test,SEVEN,8527301366262503-SEVEN,30
train,BROTHER,5300191533671401-BROTHER,27
test,SIX,15495056482554492-SIX,16
test,YES,7442618628569746-YES,31
test,EAT,4641646458517976-EAT,23
test,WATER,7705639151800205-WATER,49
test,GOOD,6813680247909-GOOD,10
train,BIG,5984958993020424-BIG,16
train,MOTHER,594799660772781-MOTHER,23
test,WHY,7308465390923164-WHY,34
test,ONE,136232969247694-ONE,21
test,GO,16923876012285466-GO,33
train,STOP,21963390619756917-STOP,15
val,GOOD,7791424980867376-GOOD,18
test,WHY,576863051440268-WHY,29
train,SIX,9452601168252932-SIX,25
test,RED,8041486459685812-RED,19
train,ONE,6903954061880513-ONE,14
train,FATHER,30674313805858255-FATHER,26
test,DRINK,6863272868161578-DRINK,25
test,ORANGE,47163334562714154-ORANGE,9
train,WHO,05073186101305538-WHO,46
train,HOW,9117355925466168-HOW,21
test,TIRED,9393485979639316-TIRED,21
test,BABY,9216801937379264-BABY,25
test,HOW,06437354909692172-HOW,29
test,WANT,03439441385308273-WANT 2,28
train,LIKE,4726973530309644-LIKE,52
test,FATHER,18379040774402422-FATHER,14
train,COME,055732368427704904-COME,79
train,EAT,6012215303497841-EAT,27
train,DRINK,7985319657788752-seedDRINK,42
test,ORANGE,3866312845554276-ORANGE,15
test,SEVEN,3365063400152095-SEVEN,24
val,HELP,6037747479203328-HELP,20
test,BOOK,774298823461816-BOOK,45
test,HOW,3976156540390696-HOW,18
train,WHO,044977332478077336-WHO,27
val,SISTER,947388841484097-SISTER,15
train,EIGHT,3817844696728503-EIGHT,61
test,TWO,1522542977654986-TWO,39
train,BROTHER,6960348427524927-BROTHER,35
train,BOOK,9959161578599864-BOOK,26
train,BROTHER,13498585088047066-BROTHER,30
train,WHITE,26477726851585603-WHITE,18
test,BAD,34169036359301463-BAD,33
train,UNDERSTAND,5190569218964376-UNDERSTAND,33
val,SLEEP,32838564647007873-SLEEP,34
train,SMALL,08785252118795328-SMALL,30
train,YOU,14637905185166056-YOU,30
test,SMALL,9292023440580952-SMALL,25
train,PLEASE,8801721942460268-PLEASE,68
val,DRINK,7071450710791192-DRINK,16
train,YELLOW,6975969334811052-YELLOW,31
val,HOME,4111158323472113-HOME,14
train,YOU,17987836792170242-YOU,20
val,ORANGE,2969615391597238-ORANGE,18
val,EIGHT,385262643606721-EIGHT,16
test,YOU,01653635897919692-YOU,34
test,EAT,40193405478785693-EAT,35
test,ONE,49048216453326043-ONE,21
test,SEVEN,42335049059386565-SEVEN,19
test,SORRY,9645970507449169-SORRY,31
test,THANK YOU,7057474129672285-THANK YOU,19
test,SLEEP,6537841190153333-SLEEP,12
val,HELP,4382571867616978-HELP,21
train,SMALL,297683528773413-SMALL,26
train,WHAT,8405493387581946-WHAT 2,28
test,GOOD,5817237493367622-GOOD,24
train,PURPLE,4816853578485114-PURPLE,24
test,BLUE,7558608455138811-BLUE,29
train,NO,5082858473744953-NO,32
train,SCHOOL,8638262994392436-SCHOOL,39
test,COME,7366178620686341-COME,46
test,YOU,5521129539800975-YOU,49
train,SCHOOL,9134558322318354-SCHOOL,23
test,HELP,032534532433647456-HELP,20
test,RED,9562965718628607-RED,18
train,YES,9009854854743657-YES,22
test,PURPLE,44043968626113106-PURPLE,25
train,BABY,9513515411387501-BABY,20
val,HELLO,20675411351630046-HELLO,18
train,ME,5706413352425115-ME,17
test,YELLOW,015525886934910194-YELLOW,23
test,THANK YOU,25130175957831113-THANK YOU,13
val,PLEASE,05859480723249688-PLEASE,18
test,STOP,564285386999722-STOP,18
train,LOVE,8291491506273367-LOVE,30
test,MOTHER,839986126568294-MOTHER,24
train,FOUR,6350460632371935-FOUR,29
train,COME,39081440676355306-COME,18
test,EIGHT,09469560785190256-EIGHT,15
train,WANT,47159683708396893-WANT 2,23
train,ORANGE,4177139390369162-ORANGE,15
train,KNOW,44287895160245094-KNOW,20
test,LIKE,8311673208101575-LIKE,18
test,EAT,5672396093022622-EAT,12
val,SIX,24335093572878197-SIX,21
test,MOTHER,2815788565679065-MOTHER,10
val,GOODBYE,8779944008396092-BYE,15
test,YOU,548210838440605-YOU,32
val,WHY,38099175964004983-WHY,23
train,GO,19142855644010948-GO,17
test,GREEN,38510356895492914-GREEN,31
train,HOW,8268472142479768-HOW,25
train,BLUE,6763835766192721-BLUE,23
val,EAT,744008724339543-EAT,25
train,WHITE,9377005568553618-WHITE,17
test,COME,43531964221110075-COME,21
train,KNOW,0932553475843072-KNOW,27
train,STOP,6922819981617203-STOP,77
test,RED,13446838087840018-RED,29
val,WHY,5132756077874947-WHY,41
test,BROTHER,4693063442024332-BROTHER,32
test,FOUR,5498234115125136-FOUR,28
test,HELP,7816987530892228-HELP,13
train,WHAT,1532464203763655-WHAT 2,16
test,SISTER,04329248585848222-SISTER,20
test,SISTER,39360373168973983-SISTER,39
test,HELLO,9441415075906014-HELLO,14
val,BLACK,2816071785934098-BLACK,21
train,HELLO,11225598264242453-HELLO,23
train,HAPPY,8822793673438183-HAPPY,26
test,SLEEP,983844511939516-SLEEP,26
train,WANT,08375958886756041-WANT 2,21
val,BOOK,8364442922972546-BOOK,40
train,BLUE,18167694443493398-BLUE,29
test,BIG,8840387735817254-BIG,23
train,BABY,4737200861704809-BABY,18
train,THREE,6219064392470588-THREE,31
test,WHITE,23222004944717023-WHITE,9
test,WHO,2590814753491968-WHO,16
train,BIG,03884623593153802-BIG,17
test,BLUE,09699208280508653-BLUE,24
test,HELLO,9042145214602195-HELLO,14
train,YELLOW,7116888865286974-YELLOW,30
train,COLD,9157460455592226-COLD,19
train,NO,5372668319999747-NO,19
test,LIKE,754822541664977-LIKE,35
train,HOW,9811460119529283-HOW,28
train,WANT,39269779031539565-WANT 2,84
val,BOOK,14652404970670685-BOOK,18
train,BOOK,35577698333107777-BOOK,12
train,SIX,2850100795370789-SIX,17
train,LIKE,030195387372940363-LIKE,22
test,GOOD,6983847344301657-GOOD,25
val,BLACK,07599384998068448-BLACK,22
test,BABY,7661330080789426-BABY,43
test,MOTHER,14661507159729847-MOTHER,20
test,BOOK,7868496581211555-BOOK,17
train,GOODBYE,9729998715398667-BYE,52
test,PLEASE,3584447878251358-PLEASE,12
test,NINE,5907512259486958-NINE,32
test,LEARN,4444322995832739-LEARN,47
val,LEARN,3587550824558683-LEARN,27
train,YOU,08882787638193945-YOU,23
train,FAMILY,1290362005086354-FAMILY,18
test,DRINK,21698877434119446-DRINK,17
test,THREE,09693372376591869-THREE,30
val,ORANGE,01189922711308622-ORANGE,27
train,FOUR,17172246079778142-FOUR,15
train,HOME,34171081267318204-HOME,40
train,COLD,9912276588256546-COLD,37
test,GOOD,971622461215417-GOOD,26
train,LIKE,23961420213829476-LIKE,24
train,THANK YOU,031705941185190545-THANK YOU,18
train,BROTHER,46485000872838267-BROTHER,25
train,HELP,9437772948180145-HELP,18
val,SMALL,5307142627482293-SMALL,15
test,PLEASE,9697873113607589-PLEASE,29
train,EAT,30148795754394175-EAT,16
train,STOP,815577675920792-STOP,25
test,THANK YOU,9962081495357855-THANK YOU,30
train,WHITE,19034184972647705-WHITE,26
test,ME,5968816675394137-ME,32
train,HOT,7416561706981699-HOT,18
train,GOODBYE,7072634397394595-BYE,18
test,KNOW,08948222222557001-KNOW,13
val,LOVE,20482432773002457-LOVE,40
train,SIX,7156815666797753-SIX,15
train,STOP,08870380386555654-STOP,18
val,BROTHER,9554413278323899-BROTHER,42
train,NAME,20739960328931106-NAME,21
train,SORRY,62778761952392-SORRY,25
train,NINE,5650868043704504-NINE,19
test,ORANGE,15315539305598747-ORANGE,27
test,BLACK,562916423636417-BLACK,47
train,FAMILY,6333838161696508-FAMILY,18
test,YOU,6436088371555648-YOU,11
val,WHERE,19532533865671398-WHERE,15
test,KNOW,6635155508761357-KNOW,26
test,EAT,41461171624603455-EAT,14
train,GREEN,2792895407119611-GREEN,18
train,HAPPY,5407375828723797-HAPPY,22
test,BIG,057757538512823725-BIG,28
test,SEE,27829246360194815-SEE,52
train,HOW,7666802297995068-HOW,26
val,SCHOOL,24442962392359258-SCHOOL,43
train,STOP,1461467422069449-STOP,31
test,COLD,5656596623886962-COLD,19
test,BIG,0017391516388771677-BIG,15
test,BAD,300065378201829-BAD,46
train,SISTER,9049167353256697-seedSISTER,52
val,COLD,39072948576699607-COLD,57
test,SIX,8867006272624613-SIX,33
train,GOOD,7633870830493861-GOOD,33
train,NAME,03294491784477094-seedNAME,50
train,GOODBYE,9404479880375034-BYE,37
test,WHY,6217493782065597-WHY,22
test,THANK YOU,4624064779710624-THANK YOU,21
train,UNDERSTAND,6745834273988278-UNDERSTAND,19
test,SIX,046585146920706366-SIX,16
train,WHAT,43147199471175535-seedWHAT 2,34
test,LIKE,07790071532440357-LIKE,32
test,YES,029563612799205163-YES,25
train,GREEN,1891233090437121-GREEN,21
test,KNOW,6688223256394381-KNOW,30
train,BROTHER,9457188046017566-BROTHER,48
train,LOVE,9377899064716586-LOVE,74
train,BLUE,19201583142863732-BLUE,17
test,SEE,6255356009761448-SEE,7
test,HOT,6956239348425071-HOT,12
val,TIRED,13289073725295975-TIRED,20
test,WHITE,649752026549048-WHITE,28
train,NAME,9851992475740963-NAME,31
test,NO,46074251080029494-NO,23
train,STOP,35024304836544506-STOP,23
train,THANK YOU,06476990357042611-THANK YOU,20
train,NO,5309657970849855-NO,32
test,NINE,5547021297445855-NINE,14
train,BROTHER,4684116630451267-BROTHER,26
val,YELLOW,09620070749870502-YELLOW,18
train,SEVEN,6751966585966453-SEVEN,17
test,WHITE,06851295459869067-WHITE,14
train,HOT,23047642101573373-HOT,16
test,YELLOW,41834710024392185-YELLOW,12
train,HELP,1512241224851143-HELP,32
val,BIG,38002628149786877-BIG,21
train,BIG,11499358307656138-BIG,44
test,BABY,29465488407648976-BABY,29
test,WATER,25669396550888335-WATER,23
val,RED,7472746857948949-RED,18
train,DRINK,2597508467759426-DRINK,19
train,BIG,3622847632586421-BIG,31
train,SCHOOL,9528626762979313-SCHOOL,26
train,WHERE,9317687529080529-WHERE,25
test,EAT,550827298682977-EAT,26
test,HAPPY,45071669451713814-HAPPY,14
train,BROTHER,6657630771535601-BROTHER,23
train,WATER,7176990560462237-WATER,23
test,WHO,8795571081681577-WHO,26
train,SEE,4342737241901915-SEE,26
train,LIKE,2935343968735329-LIKE,21
test,SISTER,9148499162975554-SISTER,14
train,FOUR,5237841416193414-FOUR,14
test,TIRED,6581168309162115-TIRED,39
test,GOOD,04311614622944249-GOOD,34
val,HOME,049094629596487804-HOME,56
test,MOTHER,733944694272519-MOTHER,36
val,UNDERSTAND,6504234134902995-UNDERSTAND,18
train,SLEEP,8262299304164866-SLEEP,37
test,GREEN,7135369459309966-GREEN,29
val,WHITE,5748285380978266-WHITE,23
train,ME,6421087005073287-ME,25
test,BOOK,36769094303755834-BOOK,31
test,MOTHER,513364294341683-MOTHER,27
train,WHY,41986547104124017-WHY,26
train,SCHOOL,3380520143388104-SCHOOL,32
train,ORANGE,8546219501477439-ORANGE,24
train,HELP,7616988400005291-HELP,42
val,PLEASE,4096147054343935-PLEASE,19
train,KNOW,8723506669377621-KNOW,18
train,THANK YOU,15769775934939156-THANK YOU,17
train,KNOW,5769834749413745-KNOW,19
val,BLUE,7298861314397587-BLUE,18
test,HOW,670019265660998-HOW,53
test,ORANGE,5740258611345785-ORANGE,27
test,BLACK,24431720294874792-BLACK,25
train,BROTHER,010035178979511006-BROTHER,28
train,WHERE,9574229853297838-WHERE,29
val,KNOW,23597714310638485-KNOW,16
train,THREE,47087723012105354-THREE,15
val,SLEEP,5103688507862052-SLEEP,55
train,WHAT,21224944864749995-WHAT 2,16
train,WATER,6216809763132565-WATER,15
test,GOODBYE,32542343160867326-BYE,10
train,BIG,0010547472856581308-BIG,27
train,PLEASE,9960146118001314-PLEASE,19
test,HOME,5902741029270153-HOME,11
test,GOODBYE,17487361670794144-BYE,16
test,WHAT,8745067191819265-WHAT 2,50
test,GO,7100160952925088-GO,13
test,THANK YOU,936211950052861-THANK YOU,24
train,SEVEN,42045018312776294-SEVEN,17
test,GREEN,15587296563996822-GREEN,13
train,NAME,4290157295522645-NAME,17
train,NINE,4107370316562351-NINE,13
train,SLEEP,35188429123944-SLEEP,23
test,FATHER,0031311305138936874-FATHER,25
train,WHAT,5384324732130294-WHAT 2,15
train,WHY,2565336440424879-WHY,16
train,YELLOW,7418828858707194-seedYELLOW,39
train,ORANGE,010737991316382534-ORANGE,14
train,EIGHT,12846815344591667-EIGHT,14
train,BLACK,9250337733512255-BLACK,41
train,BIG,62983148818386-BIG,18
train,EIGHT,822555089378302-EIGHT,19
train,SCHOOL,31124426927980275-seedSCHOOL,47
train,HOME,9434996660694719-HOME,18
train,NINE,41699711447604804-NINE,19
train,UNDERSTAND,6424637597161564-UNDERSTAND,15
val,FAMILY,16004917375203398-FAMILY,21
test,EAT,7910128481289247-EAT,25
test,SMALL,546045102054808-SMALL,57
train,FATHER,19495528192299982-FATHER,24
test,THREE,024827291322842227-THREE,25
train,EIGHT,12564800044567526-EIGHT,18
train,WHERE,17354191997018575-WHERE,23
train,NINE,8989506712887576-NINE,24
train,ONE,5739046320667345-ONE,67
train,MOTHER,10278942340284503-MOTHER,27
val,WHITE,23198740707187815-WHITE,41
train,STOP,07893366237759558-STOP,25
train,WATER,4617924298797549-seedWATER,57
train,ME,5691724461344478-ME,30
test,BABY,057527242620470265-BABY,28
test,GO,26737390960725627-GO,20
train,HOW,2861187051971712-HOW,24
test,WHAT,16203881271680576-WHAT 2,35
test,FOUR,6805373308766427-FOUR,15
val,SIX,8676304528363552-SIX,20
val,HOT,20951385475100537-HOT,36
train,PLEASE,04515307711600891-PLEASE,20
test,UNDERSTAND,40156343723600907-UNDERSTAND,12
test,HOT,3226049524969481-HOT,19
test,ORANGE,1379963264598485-ORANGE,31
val,LIKE,8042345903835753-LIKE,17
val,WHERE,6997365376367899-WHERE,40
test,TIRED,12765322193107487-TIRED,23
train,BROTHER,049689800905120096-seedBROTHER,56
test,SORRY,1812960858393966-SORRY,25
val,YES,9715589334909431-YES,16
train,SISTER,697764467890001-SISTER,17
val,GOOD,25290749191933815-GOOD,20
test,PURPLE,8299290667631187-PURPLE,13
train,WHAT,531692335723785-WHAT 2,28
test,YELLOW,1447490917413885-YELLOW,17
test,BLACK,6504039194102542-BLACK,37
train,YELLOW,8474387397013008-YELLOW,27
train,ONE,8159890685869593-ONE,33
train,HELP,9483688560737478-HELP,17
train,COME,010997145882042814-seedCOME,35
train,EIGHT,8620925796823589-seedEIGHT,33
test,BIG,6290782674186028-BIG,15
val,WHITE,21947947473280904-WHITE,16
train,DRINK,03800598663017607-DRINK,23
train,GO,30544213991231106-GO,23
train,YELLOW,13208623282049303-YELLOW,16
train,BLUE,5448422843919118-seedBLUE,33
test,WHAT,0902884729181257-WHAT 2,15
train,TWO,5103247380926332-TWO,26
train,BABY,5285250146241007-BABY,23
test,TWO,32275763791411505-TWO,13
train,DRINK,6196253651803971-DRINK,20
train,EAT,36220708618174635-seedEAT,49
test,SORRY,5157432639091493-SORRY,14
test,WANT,6070369210988702-WANT 2,25
test,PLEASE,49277089703101806-PLEASE,20
train,RED,876313952795297-RED,27
train,WHERE,8969965061622676-WHERE,15
test,BAD,9739528719901436-BAD,18
train,YELLOW,8266474432111652-YELLOW,13
test,FOUR,25892481995213434-FOUR,18
test,EAT,8917441625336839-EAT,50
train,PLEASE,95072139344285-PLEASE,23
test,BOOK,8799845932622608-BOOK,25
test,HOT,9098726585421435-HOT,16
test,HAPPY,2216376211975324-HAPPY,36
train,PLEASE,18053723532999788-PLEASE,33
test,TIRED,021082697826027008-TIRED,26
test,COME,7589467495928648-COME,32
test,SMALL,7541924892936593-SMALL,23
train,SLEEP,24289224539723375-SLEEP,19
val,EAT,0392835216734122-EAT,18
train,HOME,5752718369643628-HOME,16
test,SISTER,5466921822613424-SISTER,21
train,BOOK,9654484282818483-BOOK,25
train,BLACK,12188761773493884-BLACK,18
train,NAME,68008701658875-NAME,52
train,LEARN,2918614747304418-LEARN,25
test,GOODBYE,38351738059429663-BYE,13
train,SEE,05469295194551127-SEE,26
train,SISTER,42910870583344485-SISTER,16
train,MOTHER,1825200902929398-MOTHER,14
test,SLEEP,00792407895198255-SLEEP,21
val,KNOW,5806315363119019-KNOW,44
test,BROTHER,27192113557186715-BROTHER,34
train,STOP,787967286498557-STOP,13
test,GREEN,2556710153069994-GREEN,19
val,LOVE,2631901034056372-LOVE,38
train,WHERE,37418457822538387-WHERE,18
train,GREEN,2629996520868716-GREEN,16
train,TWO,3283395665440456-seedTWO,57
val,PURPLE,12345398384486539-PURPLE,17
val,FATHER,9713909110606633-FATHER,28
train,THREE,7118360587719839-THREE,23
test,SEE,24400211790159076-SEE,17
test,WHERE,8728839222341029-WHERE,14
test,HOW,9935032342175718-HOW,28
train,NAME,07550237967516482-NAME,20
train,BLUE,8390642529013135-BLUE,22
test,HOW,12045635816655964-HOW,12
test,THREE,5391945071870843-THREE,16
val,TIRED,3766457519527884-TIRED,35
test,RED,9433341715370007-RED,33
train,BROTHER,22666524686508982-BROTHER,17
train,SISTER,49624243979650506-SISTER,45
test,SLEEP,4923077555439661-SLEEP,55
train,SORRY,7256673521593155-SORRY,28
train,FATHER,5083805087745334-FATHER,26
val,WHITE,14684615781592747-WHITE,36
test,BOOK,16644724898055996-BOOK,34
train,BOOK,8258920636382685-BOOK,21
test,BROTHER,4773618388112417-BROTHER,18
train,FAMILY,24482553688438768-FAMILY,45
train,BLACK,21793575059728565-BLACK,25
test,LEARN,16786202092656866-LEARN,17
val,BIG,5329041608568317-BIG,19
train,BOOK,27449508901283615-BOOK,30
test,WHITE,8692725148915736-WHITE,34
test,SEE,7388949176785318-SEE,25
test,COME,34581625896023915-COME,14
test,KNOW,5444162139741568-KNOW,18
test,LOVE,4243347380620037-LOVE,72
test,BROTHER,33343477219844675-BROTHER,24
train,EIGHT,25607543181339754-EIGHT,22
test,GO,22762374635521176-GO,28
test,MOTHER,6448721666124038-MOTHER,11
train,HELLO,1340650432799635-HELLO,13
test,BLUE,5646306760457318-BLUE,19
train,YES,050364485120873326-YES,89
train,HOW,22306165813631562-HOW,16
test,WHY,36979047566586587-WHY,13
train,BABY,4509762240844022-BABY,30
train,HAPPY,9745449040953389-HAPPY,22
train,HOW,8370733641565598-HOW,26
train,SISTER,29583483206366723-SISTER,46
test,BAD,8834295053246077-BAD,14
val,HELLO,05614933522741539-HELLO,18
train,ORANGE,3132959396765318-ORANGE,33
test,THANK YOU,6788237257016723-THANK YOU,30
train,HOW,03376426509046859-HOW,22
test,GREEN,423338670903896-GREEN,28
train,SEVEN,9985745932254821-SEVEN,18
train,THANK YOU,021145910536055412-THANK YOU,30
test,GREEN,1675036978582043-GREEN,33
test,THREE,0711184630196986-THREE,19
train,RED,5050629133586628-RED,18
val,TWO,9864077306479329-TWO,38
train,DRINK,9694895312894787-DRINK,41
val,WHAT,24519151833954478-WHAT 2,30
train,TIRED,13028722721040342-TIRED,19
train,SEE,5211790905432687-SEE,26
train,ORANGE,10351956164621146-ORANGE,23
test,COME,7403167170909308-COME,17
val,TIRED,46893704717360163-TIRED,38
train,TWO,6932057977804538-TWO,17
train,NAME,7743830371689544-NAME,27
train,WANT,8485035331460282-WANT 2,23
test,WHERE,41673665309194896-WHERE,12
train,LIKE,6408927707140595-LIKE,19
train,SEVEN,5664542155167094-SEVEN,21
val,STOP,7757946316597986-STOP,20
test,HELP,3000270038189985-HELP,24
test,NINE,5361878284892854-NINE,9
train,COLD,6864880477398156-COLD,34
test,THANK YOU,9701695309294336-THANK YOU,26
train,YELLOW,5787771149094942-YELLOW,31
train,EIGHT,8242184608341026-EIGHT,22
test,WHERE,3227845753007452-WHERE,19
test,LEARN,6102529420840566-LEARN,33
val,BABY,7013330493682821-BABY,43
train,PURPLE,7150145277811628-PURPLE,18
train,COLD,6256497117761755-COLD,19
train,PURPLE,15882442052695578-PURPLE,21
train,BABY,31011518069836197-BABY,24
train,YELLOW,9884635050419721-YELLOW,19
train,HELLO,0755679379568106-HELLO,19
train,STOP,9586306157625994-STOP,19
train,GO,41579421019094553-GO,21
train,ORANGE,12309075517420354-ORANGE,22
test,SEVEN,21709379939795226-SEVEN,8
val,PLEASE,6330094542104612-PLEASE,43
train,BLUE,8347598608932822-BLUE,29
test,EAT,5882347360908131-EAT,12
train,BAD,27067652476321635-BAD,22
test,BAD,9411549614200669-BAD,14
test,SEVEN,9207914497818137-SEVEN,14
test,SORRY,14951164356135682-SORRY,21
test,FOUR,41601861190959255-FOUR,32
test,MOTHER,5512725423274552-MOTHER,33
test,BROTHER,11971365576674886-BROTHER,32
val,TWO,4532472803219878-TWO,16
train,WATER,40723216723050504-WATER,13
test,BIG,39731854478846107-BIG,39
test,KNOW,8443975795179439-KNOW,24
test,GOODBYE,5631016440125773-BYE,19
test,FOUR,03928951724201202-FOUR,30
test,SLEEP,8841729385815713-SLEEP,32
test,HELLO,7027473793210652-HELLO,28
test,ME,16214681742267878-ME,52
train,YOU,6515372118413638-YOU,20
test,HOME,676739603328083-HOME,18
test,THANK YOU,09460259361998125-THANK YOU,31
test,SMALL,264956268697103-SMALL,28
train,WATER,7276443456531434-WATER,44
val,GO,3702604002311216-GO,41
val,NINE,3878641308648656-NINE,24
train,GOODBYE,6785992819227267-BYE,17
test,THANK YOU,16270426237316316-THANK YOU,12
val,ME,35429744496101856-ME,18
train,SMALL,823557454867716-SMALL,13
train,FAMILY,23627306204455656-FAMILY,33
test,FAMILY,014105352996913512-FAMILY,42
test,HOW,8436415241829844-HOW,29
val,BOOK,21653364727074398-BOOK,20
test,SEVEN,4385197479528271-SEVEN,13
train,EAT,5237431195885818-EAT,28
train,WHY,17485211510665932-WHY,28
val,SORRY,9220637121525757-SORRY,27
train,BAD,8500068040222597-BAD,26
val,STOP,4382853991304725-STOP,17
test,SCHOOL,4838074686766505-SCHOOL,32
test,PLEASE,7315727436787696-PLEASE,25
val,HOT,3200787903337785-HOT,18
test,FAMILY,7036678767451288-FAMILY,20
train,NAME,8850902951414901-NAME,24
test,FOUR,26271774203606957-FOUR,33
train,BROTHER,6500641946617272-BROTHER,18
val,BAD,06939945586940688-BAD,38
train,EIGHT,8743934496642185-EIGHT,12
test,MOTHER,08810573270861677-MOTHER,26
train,ONE,06563256757315261-ONE,16
train,ME,0035172227152260316-ME,19
train,WHITE,16027634949398117-WHITE,23
test,BROTHER,6148848861012457-BROTHER,45
train,YELLOW,9604971098957251-YELLOW,19
train,RED,4683181875389255-RED,22
train,THREE,8255139486314145-THREE,26
test,HAPPY,5034275121580125-HAPPY,36
test,ME,4318620777117368-ME,18
test,BLUE,06848483812177042-BLUE,7
train,COME,3537345851274545-COME,19
val,LIKE,11163894424136789-LIKE,19
val,WHO,8040413047655517-WHO,21
train,SEE,7869034994705406-SEE,26
train,GOOD,9875735466160431-GOOD,16
val,SEE,6449291006787454-SEE,20
test,LOVE,9533808785286948-LOVE,30
train,KNOW,11994695058883398-KNOW,30
train,SIX,41082539286499786-SIX,25
train,NAME,5949494391929417-NAME,17
train,GREEN,18697877522861095-GREEN,16
train,FOUR,25760632227411073-seedFOUR,51
train,WHERE,09379414966671162-WHERE,26
train,WHITE,9562733045073122-WHITE,19
test,SEE,8596007602362212-SEE,32
val,WANT,9085692028177397-WANT 2,16
val,HOW,10542513580735968-HOW,22
train,FATHER,8247913651486547-FATHER,44
train,TIRED,2572306090941583-TIRED,34
test,SORRY,7585555932220547-SORRY,39
test,HELP,9702910950898831-HELP,18
train,HOT,9735032443497869-HOT,26
train,HOT,11707369231650211-HOT,15
train,YES,9953610281521326-YES,222
val,GO,5587884729767747-GO,20
train,SEVEN,2965219491506226-seedSEVEN,36
train,WHITE,7355454272708466-WHITE,25
test,HELLO,16501735528077632-HELLO,22
test,FAMILY,452008504354493-FAMILY,23
train,GO,47175728440552755-GO,29
train,COME,9733473831041732-COME,23
train,LIKE,6108042704274992-LIKE,13
train,FATHER,5683249939832291-FATHER,23
train,WATER,6842760193004458-WATER,22
test,SISTER,901672273971045-SISTER,34
test,NO,08228267952066615-NO,37
train,FOUR,8646183940873451-FOUR,50
train,WHAT,027816838285841916-WHAT 2,27
val,ME,4372505087382914-ME,30
test,ME,5289028229164205-ME,23
train,BAD,16659435197682293-BAD,20
test,GO,5446297670875129-GO,27
test,NAME,7459516150734173-NAME,26
train,THANK YOU,034197610787212396-THANK YOU,14
train,ONE,2621867988808324-ONE,29
train,TWO,14502147506594976-TWO,21
train,YES,8699610978899361-YES,19
test,HELLO,7648996670040624-HELLO,27
train,LIKE,7921297303573938-LIKE,29
test,UNDERSTAND,40550375821025386-UNDERSTAND,14
train,NO,6901051427765104-NO,16
train,HOME,4911600925607411-HOME,53
val,KNOW,8084325176169471-KNOW,12
test,LEARN,21972136101865503-LEARN,34
test,NO,8920807082520505-NO,23
train,LIKE,3221250728567113-LIKE,35
test,UNDERSTAND,1376861841044581-UNDERSTAND,27
train,SLEEP,7642314470248142-SLEEP,58
val,WATER,9850177164607337-WATER,21
test,NO,5278795760893484-NO,35
test,ME,5834482146577376-ME,17
test,BROTHER,4315928891640657-BROTHER,17
val,MOTHER,29045877663385156-MOTHER,40
train,NO,9644130188424822-NO,20
train,THREE,8904744435710559-THREE,27
train,HELLO,25802117645943423-HELLO,34
val,HAPPY,6098755056170255-HAPPY,28
test,SMALL,09078322149673279-SMALL,25
train,RED,12304331183386186-RED,21
test,RED,6332452979709653-RED,37
test,YOU,4615046990058205-YOU,24
test,DRINK,09371248383875841-DRINK,35
train,PURPLE,03796928114028275-PURPLE,19
test,GO,8187982746646938-GO,37
train,WHO,5344192765643432-WHO,21
test,STOP,38330302294288865-STOP,35
test,ME,1506254664622797-ME,24
train,WANT,8336503418129162-WANT 2,35
test,WHO,10251163827204302-WHO,28
test,HAPPY,8705278781240162-HAPPY,25
test,SMALL,8840554456240215-SMALL,31
test,SORRY,8284103400294454-SORRY,22
test,GO,4795164850135014-GO,33
val,THREE,7600984398237483-THREE,17
train,COLD,27259190630226193-COLD,17
test,ME,5400816124395869-ME,17
train,THREE,24971364861206635-THREE,37
train,BLACK,3027864137490006-BLACK,19
train,HOT,9174976347516473-HOT,19
test,TIRED,2212788384918858-TIRED,29
test,FATHER,1529301460300041-FATHER,33
train,WATER,19062537109661482-WATER,56
test,SCHOOL,35908970574329513-SCHOOL,29
train,SLEEP,016569277193326126-SLEEP,60
val,COME,2294900578606751-COME,18
train,SIX,39432446802503174-SIX,27
test,SCHOOL,3017143646154159-SCHOOL,12
train,SMALL,5446958870984302-SMALL,25
test,SEVEN,5829947040542085-SEVEN,36
train,ONE,6601537706780105-ONE,17
train,GREEN,3223491372772138-GREEN,17
train,SCHOOL,09891286692753609-SCHOOL,25
val,EAT,8779902440064791-EAT,24
train,UNDERSTAND,2621288608804102-UNDERSTAND,17
train,GREEN,30539347753669954-GREEN,20
val,EIGHT,38766975684842553-EIGHT,21
train,YES,38970444942928073-YES,19
test,WHITE,005758060810748145-WHITE,17
test,HOT,41152841117803685-HOT,31
test,KNOW,9903896454591405-KNOW,30
train,SORRY,2413023602974027-SORRY,30
val,BAD,019466731254031755-BAD,17
train,KNOW,28781278008680844-KNOW,15
val,HOME,5358205730570242-HOME,20
test,PURPLE,5678628556226701-PURPLE,18
train,NINE,08417004523761462-NINE,26
val,HOME,5938307461368451-HOME,17
train,WHO,18521627111046346-WHO,23
test,HOT,44853785617317854-HOT,31
train,TWO,9616445451619902-TWO,27
test,PURPLE,5503567055178287-PURPLE,32
test,WANT,41055086064167545-WANT 2,23
train,ORANGE,4772159982398916-ORANGE,16
train,KNOW,35480630391441204-KNOW,22
train,SCHOOL,44410022847934516-SCHOOL,25
train,BABY,0011983342543988584-BABY,57
train,SLEEP,9202711012693181-SLEEP,27
val,WHO,5788460385097332-WHO,40
val,WATER,03174577769237463-WATER,59
test,BLUE,43942790671551957-BLUE,26
test,KNOW,8067021692292493-KNOW,15
test,COLD,9555650488531451-COLD,18
val,GREEN,07543738136867639-GREEN,40
train,COME,8761272343943907-COME,30
test,SORRY,6724466474942836-SORRY,23
train,LEARN,6871798036853238-seedLEARN,47
train,WHITE,10848457531453715-WHITE,15
train,SEVEN,5584555568489951-SEVEN,17
train,PURPLE,8959126145174308-PURPLE,15
train,SISTER,43948877742808024-SISTER,19
train,PURPLE,7663168959105193-PURPLE,26
test,COLD,13808032394299397-COLD,35
val,SLEEP,9036471590989446-SLEEP,28
test,WHITE,2584277661420049-WHITE,35
train,YOU,15737752814991346-YOU,21
test,DRINK,4266956774131161-DRINK,23
train,HOT,5217798939791332-seedHOT,40
val,COME,24064885357062593-COME,22
test,UNDERSTAND,6762437534373142-UNDERSTAND,32
train,EIGHT,7792655131440007-EIGHT,28
train,BAD,06213765949527894-BAD,17
test,SEE,9479587882463862-SEE,25
test,SMALL,16530438799900593-SMALL,25
train,NO,6137110171725737-NO,24
test,WHERE,9084539059220444-WHERE,16
train,HAPPY,214143352672429-HAPPY,68
val,SMALL,1586194739868847-SMALL,20
train,ME,7227128162421703-ME,16
test,ME,08622704664772152-ME,12
test,MOTHER,961721877875569-MOTHER,31
test,THREE,32791810480357064-THREE,9
test,SEVEN,6502158737934256-SEVEN,67
train,BIG,02604937104585603-BIG,15
test,BLACK,47336529481868883-BLACK,28
test,COME,5556821084355537-COME,34
test,WHERE,5194308575650113-WHERE,30
test,RED,5097680550716814-RED,35
test,HAPPY,7496878770460367-HAPPY,13
train,SCHOOL,4910072855291485-SCHOOL,26
test,ONE,8193497627421649-ONE,28
train,FOUR,4031625934922094-FOUR,29
train,HOME,4506537239301789-HOME,61
train,GREEN,6691110697569587-GREEN,18
test,SCHOOL,22884594515032175-SCHOOL,36
train,BAD,41399470555461226-BAD,17
test,HELP,7353034835882497-HELP,28
train,COME,42561609545136014-COME,14
train,GREEN,6009435442583633-GREEN,24
test,BROTHER,4018868771129471-BROTHER,29
train,PURPLE,9034585761421232-PURPLE,17
train,HOT,9629943991422294-HOT,62
test,BAD,9781465154800835-BAD,17
train,PLEASE,44272136216354463-PLEASE,52
train,RED,42580213660496624-RED,17
test,LIKE,5814218831348728-LIKE,10
train,WATER,0020247732352038916-WATER,42
train,WHAT,5907336185978251-WHAT 2,22
val,SISTER,22679857147312932-SISTER,25
test,THREE,8161476726173267-THREE,15
test,ONE,6707757391877618-ONE,15
train,SCHOOL,8496754012096677-SCHOOL,28
train,BAD,5312089456577771-BAD,34
test,WHAT,46005351531190786-WHAT 2,19
test,FATHER,6392848823531765-FATHER,19
test,STOP,31921160795841863-STOP,55
test,RED,20216169582307075-RED,11
val,SCHOOL,02185976473813267-SCHOOL,26
test,DRINK,7536887152060914-DRINK,23
val,EIGHT,8995637916389443-EIGHT,38
test,THANK YOU,35156313213734314-THANK YOU,15
train,YELLOW,1327334508655844-YELLOW,23
train,DRINK,9757502559319415-DRINK,31
train,PURPLE,3122089299643398-PURPLE,24
test,BLACK,5944412238113308-BLACK,18
train,BIG,7436952444697802-BIG,23
val,NO,8323715285073319-NO,20
val,GREEN,6817762104884393-GREEN,14
train,SISTER,8618167243787549-SISTER,26
train,RED,3341535317096218-RED,14
train,WHY,10953401131792706-WHY,24
train,PLEASE,4782730717831809-PLEASE,29
test,TIRED,5590114591050288-TIRED,26
train,BOOK,5770462994666947-BOOK,22
test,YELLOW,24342127703671923-YELLOW,31
train,HELLO,180739946524912-seedHELLO,40
test,NAME,13831972157907857-NAME,37
val,SEVEN,009581512128078229-SEVEN,38
test,FATHER,24398038663875887-FATHER,19
test,FAMILY,9323754076872379-FAMILY,27
train,HOME,4691017505162802-seedHOME,42
val,NAME,9031073980623976-NAME,48
val,BLACK,2984516429954649-BLACK,23
val,BABY,14107125849434854-BABY,63
test,WANT,8411284507702201-WANT 2,29
train,PLEASE,9117047483562963-PLEASE,26
val,UNDERSTAND,8071758688201891-UNDERSTAND,18
val,NAME,1420689770801613-NAME,20
test,EAT,7769434916738955-EAT,20
test,LIKE,5534005644089397-LIKE,20
train,GO,7701619196687932-GO,29
val,SEVEN,6475057915821356-SEVEN,26
test,ONE,0776985513024675-ONE,12
train,LIKE,6263439546385057-seedLIKE,37
val,RED,811594066024065-RED,14
test,MOTHER,9402319659205312-MOTHER,11
test,SLEEP,8198688477414202-SLEEP,15
val,LOVE,23909248218883028-LOVE,30
test,BLACK,6852909234334481-BLACK,19
test,DRINK,06473784191201326-DRINK,31
train,EAT,7327271470470507-EAT,14
val,HELLO,020030442376253177-HELLO,17
test,EIGHT,31677735720761735-EIGHT,15
train,LOVE,285782838453037-LOVE,20
val,SORRY,15179467641851585-SORRY,19
train,HOW,948548155363955-HOW,27
train,BOOK,32682862970131943-BOOK,18
test,WHO,60520933432529-WHO,17
test,FATHER,27588243231893617-FATHER,34
train,WHY,8351529407222296-WHY,19
train,HELLO,5254351100197965-HELLO,15
test,ONE,8770966028259193-ONE,32
train,LEARN,16584929726965836-LEARN,19
train,LOVE,6414476924051264-LOVE,23
test,YES,7199652013477922-YES,31
test,NINE,1773388220025398-NINE,25
test,EIGHT,1652644700106638-EIGHT,22
train,HOT,18539733816419912-HOT,25
test,ORANGE,3867431474159333-ORANGE,14
train,HELP,6967335705063062-HELP,30
train,BLACK,497435935651124-BLACK,22
test,PLEASE,8835822739071177-PLEASE,27
train,GO,8354410716389704-GO,12
test,HOT,10331183924598131-HOT,17
test,FATHER,12317669745773419-FATHER,13
test,KNOW,683902846076992-KNOW,24
train,SIX,2279754462685024-SIX,16
test,PURPLE,19433083412622865-PURPLE,10
val,YES,26056519285644875-YES,36
train,YELLOW,16891526354177877-YELLOW,18
train,NINE,3111969039814597-NINE,23
test,HOW,8032623168123776-HOW,24
train,PURPLE,47288904563521816-seedPURPLE,46
train,WANT,6475011403601416-WANT 2,24
train,WATER,29650119146688847-WATER,30
val,FOUR,4864481586135154-FOUR,37
train,WANT,9691488194951674-seedWANT 2,44
val,YELLOW,12059502197035998-YELLOW,39
train,SEE,7610787111957336-SEE,19
test,HOME,8251121237297434-HOME,18
test,THREE,6732040687327616-THREE,29
val,DRINK,37918472044314444-DRINK,17
train,HAPPY,09937285850055066-HAPPY,45
test,HELLO,7076961883712545-HELLO,27
val,KNOW,5459703474168827-KNOW,26
train,UNDERSTAND,8604241021179426-UNDERSTAND,47
test,BLACK,37992883547031897-BLACK,31
train,EAT,1529448369800237-EAT,26
train,TWO,5686917833354883-TWO,19
test,FAMILY,1154667507880407-FAMILY,12
train,COME,45473820037956725-COME,28
val,FOUR,6834910213736938-FOUR,24
test,BOOK,8170605754700684-BOOK,31
val,ONE,6744961501343725-ONE,35
test,MOTHER,7756454968574309-MOTHER,17
train,KNOW,6589842343221302-seedKNOW,46
val,SISTER,874759887268578-SISTER,54
test,SORRY,8594289353554898-SORRY,21
test,SLEEP,2139029309275231-SLEEP,32
train,YELLOW,02390770742279491-YELLOW,20
train,WHAT,2833503746558905-WHAT 2,18
test,TIRED,9364107739010858-TIRED,54
test,WHO,803567742919048-WHO,32
test,COLD,6465425806300451-COLD,32
test,LIKE,7341162668077774-LIKE,11
train,SORRY,09933901999031058-SORRY,29
val,YES,42327270691916885-YES,40
train,STOP,16617331553945736-STOP,28
train,BOOK,8093798343741647-BOOK,23
test,GOODBYE,6825474983576931-BYE,21
train,WHO,14452193915198386-WHO,22
train,BLUE,7673165963487274-BLUE,21
test,HOME,582214002886773-HOME,23
train,SEE,2739015087815422-SEE,19
test,COLD,5240740115211979-COLD,24
train,SEE,42464010618997516-SEE,62
train,STOP,9191814085149543-seedSTOP,34
test,SIX,4633651967646373-SIX,11
train,COME,5774324878258876-COME,18
train,DRINK,5600935739224888-DRINK,16
test,WATER,9541613491243199-WATER,13
val,TIRED,9868994197861312-TIRED,22
test,YES,41279108584600577-YES,31
train,BAD,6558607659620332-BAD,59
test,LOVE,06306461164504529-LOVE,27
train,PLEASE,47017724784893633-seedPLEASE,53
val,FOUR,8440442611677397-FOUR,18
train,HELP,12979829347320937-HELP,30
train,BABY,9130233715862062-BABY,30
test,ONE,8448196339727241-ONE,46
val,BIG,4225579791217846-BIG,17
train,BAD,026903804811550636-BAD,30
train,NO,2688720555507844-seedNO,35
test,LOVE,5578116007946967-LOVE,35
train,HOT,1444025710176855-HOT,22
train,UNDERSTAND,6593382490905721-UNDERSTAND,29
train,EAT,6460191084812579-EAT,27
val,WHITE,9951826983579728-WHITE,29
train,NO,370678413428154-NO,18
train,YELLOW,0387780746035038-YELLOW,20
train,EIGHT,7352667349478763-EIGHT,16
train,HOME,9146916136466876-HOME,24
test,DRINK,40358209943047574-DRINK,36
test,MOTHER,834993915476457-MOTHER,30
train,WHY,5236898172561582-WHY,24
train,SCHOOL,24588896302009067-SCHOOL,25
train,WANT,8635216593391397-WANT 2,18
test,SORRY,258135021561094-SORRY,32
train,YOU,9739021665350334-YOU,51
train,FOUR,8138364046329691-FOUR,16
train,GOOD,5948912677856568-GOOD,20
test,WHO,1788921553709799-WHO,30
test,WHITE,013205075687238388-WHITE,10
train,WHY,48459131285186974-WHY,20
test,SISTER,6733454453757095-SISTER,26
test,BAD,21076084261461991-BAD,14
train,ONE,668598461596636-ONE,43
train,HOW,6445699135022072-HOW,45
val,WANT,9659002140360071-WANT 2,20
train,GOOD,04439224802145447-GOOD,34
train,RED,8200175379686574-RED,15
test,TWO,30644221438404995-TWO,13
val,HAPPY,09691552256972735-HAPPY,32
train,GOODBYE,5723102083146778-BYE,18
test,GO,3904115149763827-GO,14
test,GOODBYE,9133589855079114-BYE,29
test,ORANGE,3427490055673006-ORANGE,14
train,TWO,8559555503543013-TWO,15
val,RED,2612958352148784-RED,47
train,FAMILY,17688969691666112-FAMILY,22
test,HOW,028264130143242472-HOW,27
test,GREEN,4263603161819096-GREEN,13
test,FOUR,26616905656998036-FOUR,19
train,UNDERSTAND,4687993210650012-UNDERSTAND,27
test,HELLO,5911924789322505-HELLO,13
train,EAT,31477726769914227-EAT,67
test,YELLOW,49543965753890196-YELLOW,20
val,WANT,3964716837264739-WANT 2,21
val,WHY,6220173213417262-WHY,18
train,THREE,22252371009392813-THREE,27
test,EIGHT,16743062005943243-EIGHT,21
train,SORRY,9992716034642337-seedSORRY,56
train,YOU,7590157290604365-YOU,26
val,NAME,6442814975743945-NAME,18
train,LIKE,30651763223309914-LIKE,15
train,BOOK,13472212573182674-BOOK,25
val,ONE,19281415875986863-ONE,18
test,STOP,5241068902608812-STOP,29
train,HOME,6393982664215556-HOME,33
train,SLEEP,6811391071349302-SLEEP,16
test,FATHER,8291769061447769-FATHER,28
train,PLEASE,43778843855311433-PLEASE,55
train,FAMILY,4672560255302298-seedFAMILY,58
test,BIG,9045352684495234-BIG,18
test,HAPPY,6657321679744261-HAPPY,19
test,ONE,3487617087873953-ONE,20
train,SIX,2321388417165069-SIX,31
test,RED,6827894005114676-RED,35
test,NINE,6884678857514952-NINE,57
test,SIX,6697512480945489-SIX,21
train,YOU,24903533651693976-seedYOU,54
train,GO,7642911134092343-seedGO,37
train,GREEN,8530574286013528-seedGREEN,40
train,ME,8334054758517455-ME,54
val,HOT,8895105417637403-HOT,18
train,WHO,8661268196723311-WHO,24
test,NINE,7657854825894848-NINE,30
train,HAPPY,4311917411154673-HAPPY,32
val,ORANGE,7958931836511083-ORANGE,17
train,THANK YOU,274897834577152-THANK YOU,25
test,COLD,24896762367775405-COLD,52
test,BIG,42747790982122713-BIG,16
val,HOW,6271713081961889-HOW,42
test,HAPPY,7935982603169873-HAPPY,14
train,GO,2290456408074184-GO,19
test,LEARN,2999644167275095-LEARN,22
test,KNOW,6568595279283049-KNOW,11
train,HOME,9096601565421467-HOME,22
test,UNDERSTAND,3018334807491294-UNDERSTAND,30
val,WHERE,34697989347891944-WHERE,17
val,SIX,22707100251542012-SIX,22
test,YES,09905526235759088-YES,12
train,GOOD,7085041042230886-GOOD,16
train,PLEASE,31545854783740124-PLEASE,25
train,BROTHER,22790289140952047-BROTHER,25
test,EIGHT,7152372336305213-EIGHT,32
val,COLD,40129207099438835-COLD,42
train,WANT,14991994807763365-WANT 2,26
train,SMALL,3161548976113897-SMALL,16
val,YES,9161842981344352-YES,19
train,BABY,8950147967954618-seedBABY,60
test,FATHER,31548572863375557-FATHER,21
train,LEARN,5457979445491012-LEARN,16
train,SEVEN,9339193214429853-SEVEN,22
test,WHO,9790302153060182-WHO,15
test,HOT,07764420978703401-HOT,17
train,SCHOOL,16180206221904592-SCHOOL,24
val,FATHER,7154896998335438-FATHER,38
train,DRINK,8114625026876388-DRINK,18
train,MOTHER,21362573588805733-MOTHER,16
train,GOOD,9756165063743225-GOOD,17
test,DRINK,2505702369833467-DRINK,14
test,SCHOOL,8965119525543042-SCHOOL,22
train,FOUR,45490142576997883-FOUR,31
test,WHO,06061818404678454-WHO,15
test,ME,11091344459201657-ME,33
train,ORANGE,2621270132186677-ORANGE,23
train,SCHOOL,45776844159035135-SCHOOL,19
val,COLD,9548473001181963-COLD,21
train,HAPPY,09872039306873526-seedHAPPY,60
train,ME,6882259554153813-seedME,50
train,SCHOOL,5739505297385641-SCHOOL,19
val,WATER,7530258985595248-WATER,34
train,WATER,47911865396339715-WATER,20
train,EAT,5739215722518052-EAT,20
train,WHO,6013608694688473-WHO,16
val,WANT,8782648080433364-WANT 2,47
test,THANK YOU,08583141071601874-THANK YOU,29
val,ORANGE,18930499379113974-ORANGE,47
train,HOME,7655672501344968-HOME,21
test,SEE,12116769146342343-SEE,16
test,COLD,7197986410822153-COLD,13
train,SLEEP,28568795533708613-seedSLEEP,54
train,BOOK,8534387373665198-BOOK,21
train,WATER,6099837370552477-WATER,15
test,HOME,6867078000301718-HOME,29
train,LEARN,20965467088651524-LEARN,42
test,WHERE,2868358953291379-WHERE,12
train,WHO,9816718901577759-WHO,19
train,SEE,8530152644522973-seedSEE,39
test,SIX,0034638402574485028-SIX,20
test,DRINK,9563854183405713-DRINK,13
test,SLEEP,8909948723540735-SLEEP,17
test,HOT,2826317160543619-HOT,21
test,BROTHER,9635118109017773-BROTHER,18
test,ORANGE,5133437781478807-ORANGE,18
test,HOME,07893945056302032-HOME,17
test,WHITE,23674557336404267-WHITE,29
test,NAME,9200587270292702-NAME,21
val,DRINK,8038145060553852-DRINK,15
test,YES,541403296602635-YES,37
test,GOOD,6449139793505076-GOOD,35
train,ONE,21805340389552041-ONE,25
train,ORANGE,24300353854391776-ORANGE,25
test,HELLO,9203138462369036-HELLO,23
test,HELLO,3283413810240037-HELLO,16
train,GOOD,5088051624336825-GOOD,28
train,TWO,8764129814637727-TWO,16
test,LIKE,9890231765881607-LIKE,16
test,SCHOOL,8641790015591071-SCHOOL,29
test,NO,7525332129995586-NO,30
test,LEARN,8926064053121483-LEARN,28
test,HELP,9203747770494983-HELP,31
test,WATER,5521352697044284-WATER,40
test,LOVE,44419065960377635-LOVE,37
test,BLACK,9045342550783173-BLACK,14
test,STOP,5495256812953944-STOP,20
test,WHERE,6471203705029369-WHERE,25
train,HOME,4586501986373326-HOME,20
train,EIGHT,7319877416486016-EIGHT,16
test,TIRED,4564640182785744-TIRED,16
train,WHO,0015092814988848513-WHO,14
val,LOVE,25439044778685105-LOVE,31
train,BAD,7715727494452564-seedBAD,52
test,WHY,5584013314005547-WHY,35
test,LOVE,9425795001825019-LOVE,33
train,UNDERSTAND,6810397598953175-UNDERSTAND,18
test,WHO,16927688445154376-WHO,24
test,YELLOW,7098213259666144-YELLOW,24
test,THREE,9857350479542466-THREE,31
train,WHY,9579391541087037-WHY,15
test,ME,9101168111350384-ME,25
test,GREEN,8772249335735898-GREEN,28
test,BLUE,5243653012534697-BLUE,57
test,HELLO,8364377695946923-HELLO,26
test,HELP,3982436455452034-HELP,16
test,ME,059398641585320267-ME,28
test,YELLOW,6592551756171348-YELLOW,12
train,ONE,4908670885275046-ONE,22
test,NAME,6398020473925876-NAME,13
train,ORANGE,5244012199507997-ORANGE,54
test,WHO,1830009936727366-WHO,26
train,WANT,1783184424273636-WANT 2,21
val,BROTHER,33609542497284695-BROTHER,25
test,RED,5110849119802157-RED,10
test,SMALL,829688179712341-SMALL,32
train,SEE,427530694463526-SEE,28
test,FOUR,5121098905642729-FOUR,34
test,BROTHER,6761901279349998-BROTHER,14
val,GREEN,7660361464563388-GREEN,15
train,ONE,3545135145644047-seedONE,54
test,NO,7931075492698656-NO,19
test,COME,7634160961141707-COME,6
train,DRINK,9140450917748142-DRINK,25
test,COME,5170125336404756-COME,19
train,LOVE,5046064121660587-LOVE,34
test,HELLO,5018242902938022-HELLO,28
train,THREE,6941529092882297-THREE,16
test,ONE,9382586244868159-ONE,12
train,TIRED,2929541435372467-TIRED,36
test,BLUE,21107107452048735-BLUE,33
test,DRINK,9000152796377254-DRINK,17
train,BAD,5971513744254144-BAD,24
test,PLEASE,9004431867747704-PLEASE,20
train,NO,7932042062420475-NO,50
test,WHAT,8880006166221515-WHAT 2,32
train,SIX,2776366881359864-SIX,17
val,HELP,8218136220855874-HELP,22
train,ME,4545746926162382-ME,33
train,NO,3919396171653571-NO,16
val,EIGHT,2611842054563771-EIGHT,44
train,SORRY,29761682879368934-SORRY,21
test,WHO,9738453337311435-WHO,12
train,GREEN,6174979619540446-GREEN,50
val,FAMILY,9733795834896177-FAMILY,42
train,WANT,3076721990283171-WANT 2,26
train,SORRY,9287154847825414-SORRY,36
train,WHITE,12849304279161577-seedWHITE,39
test,GOOD,9338005039430839-GOOD,19
test,ORANGE,23560340816927527-ORANGE,35
train,WHY,009620790877519658-seedWHY,42
test,BIG,44229228959870004-BIG,24
val,THANK YOU,0006320057552187119-THANK YOU,16
train,GREEN,5086571279720689-GREEN,16
test,BIG,05510116410900956-BIG,27
test,BROTHER,0030496625578089187-BROTHER,30
test,WHAT,6718223980213671-WHAT 2,10
test,YES,5327840336837257-YES,9
train,LOVE,0018378274808692474-LOVE,21
test,HELP,23773456898680978-HELP,23
train,SORRY,46389552341659956-SORRY,28
train,BLACK,4536389702611696-BLACK,25
test,HELLO,1789715889624135-HELLO,13
train,RED,7462534579692224-RED,53
test,GREEN,9354715454887605-GREEN,24
train,BIG,4804674718153057-BIG,22
test,THREE,43976718045578744-THREE,31
train,YOU,5547769757240029-YOU,23
train,BLUE,21814137100564568-BLUE,29
test,EIGHT,607912894816343-EIGHT,11
test,TWO,355256527352664-TWO,14
train,PLEASE,6400788027798874-PLEASE,28
train,THANK YOU,5932207271660643-THANK YOU,71
test,WANT,1567731206602907-WANT 2,22
train,GOOD,18340714145664716-GOOD,25
val,PURPLE,25485841057140557-PURPLE,44
train,GOODBYE,516342335411355-BYE,22
test,YELLOW,9150016232416118-YELLOW,53
test,WHAT,9031186843157322-WHAT 2,16
test,TIRED,8805016836799904-TIRED,19
train,ME,7378759651365803-ME,24
test,NAME,5230881244500567-NAME,32
train,UNDERSTAND,4268222409175071-UNDERSTAND,21
train,HOW,8190663704033752-HOW,16
train,FOUR,9780162828295738-FOUR,29
test,BABY,7914722472116791-BABY,31
test,WANT,38957579013047017-WANT 2,31
test,EAT,13884914336494525-EAT,18
test,BAD,9701304221413551-BAD,31
train,HOT,23819147505993477-HOT,18
train,STOP,8893256597213444-STOP,29
train,WHY,3866568461228612-WHY,27
train,GOOD,5199177562877719-GOOD,29
val,NO,4656606080155459-NO,42
train,NO,9979731168048327-NO,20
train,THANK YOU,0912245735671211-THANK YOU,29
val,ME,03554605558492718-ME,19
train,PURPLE,33341312445596616-PURPLE,26
val,THANK YOU,7976564165646398-THANK YOU,35
test,WHERE,4223618248504115-WHERE,30
train,SMALL,9278234566473478-SMALL,15
train,HELLO,081380748015633-HELLO,22
train,GOOD,06635586886652112-seedGOOD,52
test,RED,27555332923654485-RED,12
train,NINE,05232078107052662-NINE,53
test,FAMILY,4266230245702338-FAMILY,36
train,GO,1917265918954878-GO,15
test,HOME,6756007750530766-HOME,23
train,SIX,45315125004209933-seedSIX,48
train,YES,9092689562509508-YES,16
train,EAT,5847293981432022-EAT,19
train,HELLO,0022932153577568393-HELLO,31
train,ONE,7869438106194055-ONE,23
train,SEVEN,6815231045212089-SEVEN,24
train,DRINK,9957580073891368-DRINK,18
test,WHITE,6904630764421569-WHITE,22
train,COME,0165763043403353-COME,18
test,WANT,6565779108044556-WANT 2,30
train,BIG,7266634930515181-BIG,17
train,LEARN,22509831535531588-LEARN,24
train,SIX,8747001165773409-SIX,24
train,KNOW,8305026742098571-KNOW,18
test,YOU,39734251970462897-YOU,12
test,BROTHER,7553027194612534-BROTHER,28
train,RED,5566483331473877-seedRED,45
train,RED,8963793717239534-RED,34
test,BABY,9964369383442526-BABY,18
test,SCHOOL,7977130285572864-SCHOOL,27
test,KNOW,14003138099067614-KNOW,30
test,HOT,155075391321839-HOT,12
test,PURPLE,8060202946371722-PURPLE,31
test,BOOK,4195318114915252-BOOK,42
test,HOME,9398884140712938-HOME,34
test,BABY,5274345346959133-BABY,27
train,HELLO,8486809407942575-HELLO,22
train,SEE,01973467612046309-SEE,23
train,KNOW,025800900162109563-KNOW,48
test,BLUE,35260333081935213-BLUE,18
test,WHY,6392085873567048-WHY,21
val,ONE,6099340612068576-ONE,19
train,UNDERSTAND,2999107393441156-UNDERSTAND,20
val,THANK YOU,16870669316247833-THANK YOU,39
test,EAT,008533489727754251-EAT,33
test,BABY,379487787711422-BABY,37
train,WANT,6046104101537046-WANT 2,28
train,HOW,21283972047425892-HOW,18
train,HAPPY,3025077004187282-HAPPY,21
train,SISTER,2907662588756057-SISTER,20
train,HELP,15046472702938374-HELP,58
train,BOOK,570638014197151-seedBOOK,47
train,BOOK,11275273156810672-BOOK,51
test,EAT,6239284754747361-EAT,23
test,STOP,19109474570600948-STOP,29
test,BLACK,987601351199263-BLACK,17
test,SMALL,40229877453598006-SMALL,12
test,KNOW,9660722441175273-KNOW,16
train,GREEN,708344422708781-GREEN,26
train,MOTHER,012877022575290109-MOTHER,25
train,WHERE,35445730348954285-seedWHERE,39
test,TIRED,8569646505950688-TIRED,21
test,NO,9542027365188674-NO,24
test,MOTHER,9976001720896484-MOTHER,45
val,PURPLE,9094977413740988-PURPLE,18
test,GOOD,008087702450223277-GOOD,18
test,COME,5602506471677693-COME,19
val,SIX,6910000074345319-SIX,37
train,EAT,43234510854275543-EAT,36
test,YOU,6198968659630029-YOU,32
test,GOODBYE,4578901677582461-BYE,27
train,WHITE,2866818454223683-WHITE,48
train,BIG,46877398582210783-BIG,17
test,SISTER,060486944430018674-SISTER,57
val,BAD,7628262965013866-BAD,23
test,RED,2448273149680973-RED,17
train,COLD,5391135538624647-COLD,24
val,SEE,9233469754453538-SEE,38
test,SLEEP,4723150678110435-SLEEP,25
test,SEVEN,5714182625969035-SEVEN,26
train,SORRY,589235585874496-SORRY,26
train,NINE,7366917583319141-NINE,20
train,HOME,37332866889587546-HOME,20
train,BROTHER,2396504546103233-BROTHER,48
train,HELLO,9008261925178431-HELLO,22
train,THREE,7991343033274256-THREE,47
train,GOODBYE,21550036390436733-BYE,22
train,THANK YOU,014439537236845323-THANK YOU,30
test,BABY,41373098385469875-BABY,44
train,LOVE,13717057044445125-LOVE,17
test,TWO,4448414222761292-TWO,16
train,SCHOOL,06483601782154702-SCHOOL,22
train,WANT,19958109281644143-WANT 2,47
train,PURPLE,18091646894985214-PURPLE,18
train,TIRED,4509547091032866-TIRED,58
train,SEVEN,948395224680245-SEVEN,18
val,WATER,414141284745577-WATER,17
test,PLEASE,583219774394824-PLEASE,42
val,WHY,7508574803030745-WHY,13
test,EIGHT,528555368575053-EIGHT,29
test,SIX,4163757443011573-SIX,20
train,NAME,45850991964011034-NAME,34
train,DRINK,9841052916244253-DRINK,24
train,MOTHER,8849980218955149-MOTHER,45
test,WHERE,3614350392614152-WHERE,24
test,GO,8834363279772663-GO,30
val,THREE,8336714654869795-THREE,40
test,LOVE,44744498444419367-LOVE,16
train,SORRY,8989337086309281-SORRY,20
test,FAMILY,8706204980493519-FAMILY,21
train,TWO,4178617202433328-TWO,48
train,GOODBYE,374824970052654-BYE,55
test,GOODBYE,5023793115629094-BYE,18
train,YELLOW,812390941200497-YELLOW,25
test,ORANGE,9740503677939867-ORANGE,32
test,WHAT,48553283978859585-WHAT 2,32
train,BIG,3717896319825944-BIG,26
test,SEE,06806917144544555-SEE,31
test,ONE,8121303614043198-ONE,30
test,SMALL,8094645891918644-SMALL,19
train,BABY,8774565600191819-BABY,25
test,THREE,08174157238013158-THREE,10
test,NINE,5216833261809499-NINE,50
train,BOOK,26739488577485493-BOOK,25
train,TIRED,3377658876876861-TIRED,19
train,PLEASE,5956139983741693-PLEASE,24
train,YOU,7807683495721192-YOU,29
train,NO,01379619951634381-NO,29
train,EAT,33555147348315106-EAT,27
train,YES,15498675309554577-YES,16
val,SMALL,8815573731027433-SMALL,43
train,UNDERSTAND,31049412762325446-UNDERSTAND,21
test,BOOK,21368910008549435-BOOK,25
train,YES,7199140986089654-YES,27
test,WATER,8633906244621417-WATER,28
train,YES,44146024789241256-YES,19
test,BOOK,9573034024847233-BOOK,31
val,EIGHT,43405504077126666-EIGHT,17
train,LOVE,4841662498241295-LOVE,14
train,FATHER,023287006799920906-FATHER,27
test,BLUE,1280671068151491-BLUE,17
train,SMALL,7388125968431167-SMALL,12
train,DRINK,980212048263337-DRINK,19
train,YES,15689453699180178-YES,16
test,HAPPY,44668850153355644-HAPPY,19
train,HOME,3758646722492833-HOME,27
train,SISTER,8057653934134985-SISTER,17
test,EIGHT,568580422479875-EIGHT,27
train,LEARN,6126553469796956-LEARN,34
train,TIRED,5844816745369699-TIRED,33
test,TWO,374515997545366-TWO,31
test,DRINK,9812515328553977-DRINK,30
train,PURPLE,2456449449200997-PURPLE,31
val,SISTER,8492831854951581-SISTER,21
train,HELP,07603691172028904-HELP,27
val,BOOK,7210851228367339-BOOK,19
test,WHO,042301515237099796-WHO,28
train,SLEEP,24375109516725524-SLEEP,16
test,SEVEN,3687430189102143-SEVEN,38
test,YOU,03323585576449206-YOU,14
val,GOOD,4843579408025589-GOOD,42
train,SORRY,1636390875008531-SORRY,15
val,HAPPY,07732970042675213-HAPPY,16
test,COLD,6663708012671183-COLD,13
test,HAPPY,9291022098288835-HAPPY,26
train,FATHER,5795194739836211-FATHER,32
train,WHY,7885296477376487-WHY,23
val,WHAT,873539016146136-WHAT 2,40
train,YES,32941176670637984-YES,16
train,WHO,21560081346679438-WHO,14
train,GOODBYE,011053589241707185-BYE,18
train,SEE,6589458102490988-SEE,45
train,SISTER,5230904219364878-SISTER,31
train,COLD,6077539816507953-COLD,30
train,GO,20492226110701672-GO,22
test,YOU,2585581282288061-YOU,22
val,HELP,44817736125778374-HELP,44
train,LIKE,05351672702445809-LIKE,16
test,PLEASE,8449958018804076-PLEASE,36
test,WATER,0032949557328998402-WATER,23
train,NAME,44454593042241-NAME,20
test,NAME,5806721734598892-NAME,15
test,SLEEP,7096733878911947-SLEEP,35
train,TIRED,9280283055714456-TIRED,30
test,YELLOW,792651947223258-YELLOW,5
train,WHY,7317136659517625-WHY,19
test,BOOK,29833833733426673-BOOK,32
test,TIRED,7577237850149992-TIRED,38
test,UNDERSTAND,9618610602589022-UNDERSTAND,20
test,BAD,09145990846220031-BAD,15
test,KNOW,5055945545044311-KNOW,13
test,SISTER,6081174057818566-SISTER,27
train,EAT,8267242257825924-EAT,16
train,YOU,2775935043696396-YOU,20
train,HOT,4455329487942934-HOT,13
train,SMALL,5322570103859836-SMALL,21
train,SEVEN,2247328622544631-SEVEN,28
train,BLUE,8400539366762481-BLUE,18
train,HOT,7060265642402466-HOT,17
test,MOTHER,056051276819172546-MOTHER,13
val,YOU,19643383002170656-YOU,14
test,SCHOOL,4046304802500862-SCHOOL,15
train,HELLO,7597723277213178-HELLO,57
train,THANK YOU,7535449770372906-THANK YOU,31
test,FOUR,7184251334812357-FOUR,12
test,THREE,5809140532676407-THREE,25
train,TWO,9387385435760369-TWO,24
test,THREE,3652933102269593-THREE,25
train,GREEN,5367152269626574-GREEN,29
train,STOP,12188061798454708-STOP,14
val,RED,03048260576074524-RED,16
val,GOODBYE,2889010159260097-BYE,16
test,FAMILY,09796240195112227-FAMILY,16
test,HELLO,5339916560192981-HELLO,18
train,ONE,013447491613897578-ONE,17
train,FOUR,3452024214396816-FOUR,26
train,SMALL,49787709398675717-SMALL,72
test,EAT,4524158338314277-EAT,17
val,COME,6809556328325521-COME,37
train,WHITE,25819043365766126-WHITE,29
test,ONE,4741936871844836-ONE,19
test,PLEASE,7328260605453549-PLEASE,15
test,LOVE,915582300749342-LOVE,25
train,COME,3921320702075002-COME,24
test,FATHER,9384391083765347-FATHER,27
train,NINE,04750318949877119-NINE,21
train,EAT,7468673870660452-EAT,22
train,BLACK,05171855154691851-BLACK,20
test,GOOD,9687874710872124-GOOD,12
train,LIKE,6630595446275149-LIKE,63
test,YOU,7900211756909432-YOU,11
train,KNOW,2503930490736366-KNOW,52
train,YES,6358167662084229-seedYES,30
train,HOT,7370287966523523-HOT,15
val,UNDERSTAND,9717361996927067-UNDERSTAND,23
train,FAMILY,3923069450478833-FAMILY,21
train,HAPPY,6970697622023043-HAPPY,13
test,GREEN,10652117554281637-GREEN,14
train,WHO,6723858714545425-seedWHO,43
test,LOVE,30016965472947743-LOVE,40
train,LEARN,42853167798970104-LEARN,16
train,FAMILY,5231117289015388-FAMILY,32
val,LOVE,7300348171338833-LOVE,22
val,UNDERSTAND,7903893233633115-UNDERSTAND,39
train,LIKE,7707078264255762-LIKE,19
train,FAMILY,05708826093734798-FAMILY,23
train,TWO,8637682594769469-TWO,16
train,SEE,6126331658791906-SEE,18
test,NO,6645554412949413-NO,11
val,HAPPY,3698632660671215-HAPPY,53
test,WHY,15735328773357837-WHY,29
test,FAMILY,37261957146756175-FAMILY,29
test,BABY,9227265047126638-BABY,17
train,BROTHER,4649907997271234-BROTHER,19
train,FAMILY,45437698823796135-FAMILY,17
test,NAME,243956265655763-NAME,14
train,LEARN,30110588558485074-LEARN,48
test,LEARN,12197065576307575-LEARN,15
test,TIRED,48434007472145746-TIRED,20
train,HELP,8646796456836814-HELP,15
train,THREE,4786348192990668-THREE,18
